{
    "utterances": [
        {
            "text": "Begin my session",
            "entities": [],
            "traits": [],
            "intent": "therapy_start"
        },
        {
            "text": "Begin rehabilitation",
            "entities": [],
            "traits": [],
            "intent": "therapy_start"
        },
        {
            "text": "Begin session",
            "entities": [],
            "traits": [],
            "intent": "therapy_start"
        },
        {
            "text": "Brief pause please",
            "entities": [],
            "traits": [],
            "intent": "therapy_pause"
        },
        {
            "text": "Calibrate voice",
            "entities": [],
            "traits": [],
            "intent": "calibration_start"
        },
        {
            "text": "Calibrate voice system",
            "entities": [],
            "traits": [],
            "intent": "calibration_start"
        },
        {
            "text": "California",
            "entities": [],
            "traits": []
        },
        {
            "text": "Close",
            "entities": [],
            "traits": []
        },
        {
            "text": "Commence therapy",
            "entities": [],
            "traits": [],
            "intent": "therapy_start"
        },
        {
            "text": "Complete session",
            "entities": [],
            "traits": [],
            "intent": "therapy_end"
        },
        {
            "text": "End my session",
            "entities": [
                {
                    "entity": "Session_Progress:Session_Progress",
                    "start": 0,
                    "end": 3,
                    "body": "End",
                    "entities": []
                }
            ],
            "traits": [],
            "intent": "therapy_end"
        },
        {
            "text": "End session",
            "entities": [
                {
                    "entity": "Session_Progress:Session_Progress",
                    "start": 0,
                    "end": 3,
                    "body": "End",
                    "entities": []
                }
            ],
            "traits": [],
            "intent": "therapy_end"
        },
        {
            "text": "End the therapy",
            "entities": [
                {
                    "entity": "Session_Progress:Session_Progress",
                    "start": 0,
                    "end": 3,
                    "body": "End",
                    "entities": []
                }
            ],
            "traits": [],
            "intent": "therapy_end"
        },
        {
            "text": "Exit therapy mode",
            "entities": [],
            "traits": [],
            "intent": "therapy_end"
        },
        {
            "text": "Finish my exercises",
            "entities": [],
            "traits": [],
            "intent": "therapy_end"
        },
        {
            "text": "Finish therapy",
            "entities": [],
            "traits": [],
            "intent": "therapy_end"
        },
        {
            "text": "Hello, voice system",
            "entities": [],
            "traits": [],
            "intent": "calibration_confirm"
        },
        {
            "text": "Hold on",
            "entities": [],
            "traits": [],
            "intent": "therapy_pause"
        },
        {
            "text": "I don't know",
            "entities": [],
            "traits": []
        },
        {
            "text": "I need a moment",
            "entities": [],
            "traits": [],
            "intent": "therapy_pause"
        },
        {
            "text": "I need to rest",
            "entities": [],
            "traits": [],
            "intent": "therapy_pause"
        },
        {
            "text": "I want to stop now",
            "entities": [],
            "traits": [],
            "intent": "therapy_end"
        },
        {
            "text": "I'm done",
            "entities": [],
            "traits": [],
            "intent": "therapy_end"
        },
        {
            "text": "I'm finished",
            "entities": [],
            "traits": [],
            "intent": "therapy_end"
        },
        {
            "text": "I'm ready for my therapy",
            "entities": [],
            "traits": [],
            "intent": "therapy_start"
        },
        {
            "text": "I'm ready to begin",
            "entities": [],
            "traits": [],
            "intent": "therapy_start"
        },
        {
            "text": "Initiate therapy session",
            "entities": [],
            "traits": [],
            "intent": "therapy_start"
        },
        {
            "text": "Let's begin my exercises",
            "entities": [],
            "traits": [],
            "intent": "therapy_start"
        },
        {
            "text": "Let's end here",
            "entities": [
                {
                    "entity": "Session_Progress:Session_Progress",
                    "start": 6,
                    "end": 9,
                    "body": "end",
                    "entities": []
                }
            ],
            "traits": [],
            "intent": "therapy_end"
        },
        {
            "text": "Let's get going with therapy",
            "entities": [],
            "traits": [],
            "intent": "therapy_start"
        },
        {
            "text": "Let's get started",
            "entities": [],
            "traits": [],
            "intent": "therapy_start"
        },
        {
            "text": "Let's pause here",
            "entities": [],
            "traits": [],
            "intent": "therapy_pause"
        },
        {
            "text": "Let's start the therapy",
            "entities": [],
            "traits": [],
            "intent": "therapy_start"
        },
        {
            "text": "Let's take a break",
            "entities": [],
            "traits": [],
            "intent": "therapy_pause"
        },
        {
            "text": "List",
            "entities": [],
            "traits": []
        },
        {
            "text": "Okay",
            "entities": [],
            "traits": []
        },
        {
            "text": "Okay let's see let's see the logs",
            "entities": [],
            "traits": [],
            "intent": "therapy_end"
        },
        {
            "text": "Pause",
            "entities": [],
            "traits": [],
            "intent": "therapy_pause"
        },
        {
            "text": "Pause everything",
            "entities": [],
            "traits": [],
            "intent": "therapy_pause"
        },
        {
            "text": "Pause session",
            "entities": [],
            "traits": [],
            "intent": "therapy_pause"
        },
        {
            "text": "Pause the exercise",
            "entities": [],
            "traits": [],
            "intent": "therapy_pause"
        },
        {
            "text": "Pause therapy",
            "entities": [],
            "traits": [],
            "intent": "therapy_pause"
        },
        {
            "text": "Start my exercises",
            "entities": [],
            "traits": [],
            "intent": "therapy_start"
        },
        {
            "text": "Start my physical therapy",
            "entities": [],
            "traits": [],
            "intent": "therapy_start"
        },
        {
            "text": "Start my therapy",
            "entities": [],
            "traits": [],
            "intent": "calibration_confirm"
        },
        {
            "text": "Start my therapy session",
            "entities": [],
            "traits": [],
            "intent": "therapy_start"
        },
        {
            "text": "Start therapy",
            "entities": [],
            "traits": [],
            "intent": "therapy_start"
        },
        {
            "text": "Stop for a moment",
            "entities": [],
            "traits": [],
            "intent": "therapy_pause"
        },
        {
            "text": "Stop the session",
            "entities": [],
            "traits": [],
            "intent": "therapy_end"
        },
        {
            "text": "Take a break",
            "entities": [],
            "traits": [],
            "intent": "therapy_pause"
        },
        {
            "text": "Terminate session",
            "entities": [],
            "traits": [],
            "intent": "therapy_end"
        },
        {
            "text": "Test calibrate voice",
            "entities": [],
            "traits": []
        },
        {
            "text": "That's all for today",
            "entities": [],
            "traits": [],
            "intent": "therapy_end"
        },
        {
            "text": "That's enough for today",
            "entities": [],
            "traits": [],
            "intent": "therapy_end"
        },
        {
            "text": "This is a test",
            "entities": [],
            "traits": [],
            "intent": "calibration_confirm"
        },
        {
            "text": "Time out",
            "entities": [],
            "traits": [],
            "intent": "therapy_pause"
        },
        {
            "text": "Voice",
            "entities": [],
            "traits": []
        },
        {
            "text": "Voice calibration",
            "entities": [],
            "traits": []
        },
        {
            "text": "Wait a moment",
            "entities": [],
            "traits": [],
            "intent": "therapy_pause"
        },
        {
            "text": "begin therapy session",
            "entities": [],
            "traits": [],
            "intent": "therapy_start"
        },
        {
            "text": "end session",
            "entities": [],
            "traits": []
        },
        {
            "text": "go on",
            "entities": [],
            "traits": []
        },
        {
            "text": "let's start",
            "entities": [],
            "traits": [],
            "intent": "therapy_start"
        },
        {
            "text": "next",
            "entities": [],
            "traits": []
        },
        {
            "text": "next step",
            "entities": [],
            "traits": []
        },
        {
            "text": "start therapy",
            "entities": [],
            "traits": [],
            "intent": "therapy_start"
        },
        {
            "text": "stop therapy",
            "entities": [],
            "traits": []
        }
    ]
}
