{
    "name": "Assistance_Type",
    "roles": [
        "Assistance_Type"
    ],
    "lookups": [
        "free-text",
        "keywords"
    ],
    "keywords": [
        {
            "keyword": "instructions",
            "synonyms": [
                "instructions"
            ]
        },
        {
            "keyword": "modification",
            "synonyms": [
                "modification"
            ]
        },
        {
            "keyword": "repetition",
            "synonyms": [
                "repetition"
            ]
        },
        {
            "keyword": "simplification",
            "synonyms": [
                "simplification"
            ]
        },
        {
            "keyword": "technical",
            "synonyms": [
                "technical"
            ]
        }
    ]
}
