{
    "name": "Exercise_Type",
    "roles": [
        "Exercise_Type"
    ],
    "lookups": [
        "free-text",
        "keywords"
    ],
    "keywords": [
        {
            "keyword": "arm",
            "synonyms": [
                "arm"
            ]
        },
        {
            "keyword": "breathing",
            "synonyms": [
                "breathing"
            ]
        },
        {
            "keyword": "neck",
            "synonyms": [
                "neck"
            ]
        },
        {
            "keyword": "range_of_motion",
            "synonyms": [
                "range_of_motion"
            ]
        },
        {
            "keyword": "relaxation",
            "synonyms": [
                "relaxation"
            ]
        },
        {
            "keyword": "shoulder",
            "synonyms": [
                "shoulder"
            ]
        },
        {
            "keyword": "stretching",
            "synonyms": [
                "stretching"
            ]
        }
    ]
}
