{
    "name": "System_Action",
    "roles": [
        "System_Action"
    ],
    "lookups": [
        "free-text",
        "keywords"
    ],
    "keywords": [
        {
            "keyword": "adjust_volume",
            "synonyms": [
                "adjust_volume"
            ]
        },
        {
            "keyword": "recalibrate",
            "synonyms": [
                "recalibrate"
            ]
        },
        {
            "keyword": "reset",
            "synonyms": [
                "reset"
            ]
        },
        {
            "keyword": "slow_down",
            "synonyms": [
                "slow_down"
            ]
        },
        {
            "keyword": "speed_up",
            "synonyms": [
                "speed_up"
            ]
        }
    ]
}
