{
    "name": "intensity_direction",
    "roles": [
        "intensity_direction"
    ],
    "lookups": [
        "keywords"
    ],
    "keywords": [
        {
            "keyword": "brighter",
            "synonyms": [
                "brighter",
                "increase",
                "increase the brightness",
                "make it brighter",
                "more",
                "up"
            ]
        },
        {
            "keyword": "decrease",
            "synonyms": [
                "decrease"
            ]
        },
        {
            "keyword": "dim",
            "synonyms": [
                "dim"
            ]
        },
        {
            "keyword": "dimmer",
            "synonyms": [
                "decrease",
                "decrease the light intensity",
                "dim",
                "dim the light",
                "dimmer",
                "down",
                "less",
                "make it dimmer"
            ]
        },
        {
            "keyword": "increase",
            "synonyms": [
                "increase"
            ]
        }
    ]
}
