{
    "name": "light_color",
    "roles": [
        "light_color"
    ],
    "lookups": [
        "keywords"
    ],
    "keywords": [
        {
            "keyword": "blue",
            "synonyms": [
                "blue",
                "make the light blue"
            ]
        },
        {
            "keyword": "cool",
            "synonyms": [
                "cool"
            ]
        },
        {
            "keyword": "green",
            "synonyms": [
                "change the light color to green",
                "green"
            ]
        },
        {
            "keyword": "orange",
            "synonyms": [
                "orange"
            ]
        },
        {
            "keyword": "pink",
            "synonyms": [
                "pink"
            ]
        },
        {
            "keyword": "purple",
            "synonyms": [
                "purple"
            ]
        },
        {
            "keyword": "red",
            "synonyms": [
                "red"
            ]
        },
        {
            "keyword": "warm",
            "synonyms": [
                "warm"
            ]
        },
        {
            "keyword": "white",
            "synonyms": [
                "set the color to warm white",
                "white"
            ]
        },
        {
            "keyword": "yellow",
            "synonyms": [
                "yellow"
            ]
        }
    ]
}
