{
    "utterances": [
        {
            "text": "I'm done",
            "entities": [
                {
                    "entity": "therapy_command:therapy_command",
                    "start": 0,
                    "end": 8,
                    "body": "I'm done",
                    "entities": []
                }
            ],
            "traits": [],
            "intent": "end_session"
        },
        {
            "text": "I'm ready",
            "entities": [
                {
                    "entity": "therapy_command:therapy_command",
                    "start": 0,
                    "end": 9,
                    "body": "I'm ready",
                    "entities": []
                }
            ],
            "traits": [],
            "intent": "start_session"
        },
        {
            "text": "I'm ready for the next step",
            "entities": [
                {
                    "entity": "therapy_command:therapy_command",
                    "start": 0,
                    "end": 27,
                    "body": "I'm ready for the next step",
                    "entities": []
                }
            ],
            "traits": [],
            "intent": "next_step"
        },
        {
            "text": "begin",
            "entities": [
                {
                    "entity": "therapy_command:therapy_command",
                    "start": 0,
                    "end": 5,
                    "body": "begin",
                    "entities": []
                }
            ],
            "traits": [],
            "intent": "start_session"
        },
        {
            "text": "begin session",
            "entities": [
                {
                    "entity": "therapy_command:therapy_command",
                    "start": 0,
                    "end": 13,
                    "body": "begin session",
                    "entities": []
                }
            ],
            "traits": [],
            "intent": "start_session"
        },
        {
            "text": "complete session",
            "entities": [
                {
                    "entity": "therapy_command:therapy_command",
                    "start": 0,
                    "end": 16,
                    "body": "complete session",
                    "entities": []
                }
            ],
            "traits": [],
            "intent": "end_session"
        },
        {
            "text": "continue",
            "entities": [
                {
                    "entity": "therapy_command:therapy_command",
                    "start": 0,
                    "end": 8,
                    "body": "continue",
                    "entities": []
                }
            ],
            "traits": [],
            "intent": "next_step"
        },
        {
            "text": "end",
            "entities": [
                {
                    "entity": "therapy_command:therapy_command",
                    "start": 0,
                    "end": 3,
                    "body": "end",
                    "entities": []
                }
            ],
            "traits": [],
            "intent": "end_session"
        },
        {
            "text": "end session",
            "entities": [
                {
                    "entity": "therapy_command:therapy_command",
                    "start": 0,
                    "end": 11,
                    "body": "end session",
                    "entities": []
                }
            ],
            "traits": [],
            "intent": "end_session"
        },
        {
            "text": "exit",
            "entities": [
                {
                    "entity": "therapy_command:therapy_command",
                    "start": 0,
                    "end": 4,
                    "body": "exit",
                    "entities": []
                }
            ],
            "traits": [],
            "intent": "end_session"
        },
        {
            "text": "finish",
            "entities": [
                {
                    "entity": "therapy_command:therapy_command",
                    "start": 0,
                    "end": 6,
                    "body": "finish",
                    "entities": []
                }
            ],
            "traits": [],
            "intent": "end_session"
        },
        {
            "text": "go on",
            "entities": [
                {
                    "entity": "therapy_command:therapy_command",
                    "start": 0,
                    "end": 5,
                    "body": "go on",
                    "entities": []
                }
            ],
            "traits": [],
            "intent": "next_step"
        },
        {
            "text": "let's start",
            "entities": [
                {
                    "entity": "therapy_command:therapy_command",
                    "start": 0,
                    "end": 11,
                    "body": "let's start",
                    "entities": []
                }
            ],
            "traits": [],
            "intent": "start_session"
        },
        {
            "text": "move forward",
            "entities": [
                {
                    "entity": "therapy_command:therapy_command",
                    "start": 0,
                    "end": 12,
                    "body": "move forward",
                    "entities": []
                }
            ],
            "traits": [],
            "intent": "next_step"
        },
        {
            "text": "next",
            "entities": [
                {
                    "entity": "therapy_command:therapy_command",
                    "start": 0,
                    "end": 4,
                    "body": "next",
                    "entities": []
                }
            ],
            "traits": [],
            "intent": "next_step"
        },
        {
            "text": "next step",
            "entities": [
                {
                    "entity": "therapy_command:therapy_command",
                    "start": 0,
                    "end": 9,
                    "body": "next step",
                    "entities": []
                }
            ],
            "traits": [],
            "intent": "next_step"
        },
        {
            "text": "proceed",
            "entities": [
                {
                    "entity": "therapy_command:therapy_command",
                    "start": 0,
                    "end": 7,
                    "body": "proceed",
                    "entities": []
                }
            ],
            "traits": [],
            "intent": "next_step"
        },
        {
            "text": "quit",
            "entities": [
                {
                    "entity": "therapy_command:therapy_command",
                    "start": 0,
                    "end": 4,
                    "body": "quit",
                    "entities": []
                }
            ],
            "traits": [],
            "intent": "end_session"
        },
        {
            "text": "ready to start",
            "entities": [
                {
                    "entity": "therapy_command:therapy_command",
                    "start": 0,
                    "end": 14,
                    "body": "ready to start",
                    "entities": []
                }
            ],
            "traits": [],
            "intent": "start_session"
        },
        {
            "text": "start",
            "entities": [
                {
                    "entity": "therapy_command:therapy_command",
                    "start": 0,
                    "end": 5,
                    "body": "start",
                    "entities": []
                }
            ],
            "traits": [],
            "intent": "start_session"
        },
        {
            "text": "start therapy",
            "entities": [
                {
                    "entity": "therapy_command:therapy_command",
                    "start": 0,
                    "end": 13,
                    "body": "start therapy",
                    "entities": []
                }
            ],
            "traits": [],
            "intent": "start_session"
        },
        {
            "text": "stop therapy",
            "entities": [
                {
                    "entity": "therapy_command:therapy_command",
                    "start": 0,
                    "end": 12,
                    "body": "stop therapy",
                    "entities": []
                }
            ],
            "traits": [],
            "intent": "end_session"
        }
    ]
}
