{
    "name": "therapy_command",
    "roles": [
        "therapy_command"
    ],
    "lookups": [
        "keywords"
    ],
    "keywords": [
        {
            "keyword": "continue",
            "synonyms": [
                "continue",
                "go on",
                "i'm ready for the next step",
                "move forward",
                "next",
                "next step",
                "proceed"
            ]
        },
        {
            "keyword": "end",
            "synonyms": [
                "complete session",
                "end",
                "end session",
                "exit",
                "finish",
                "i'm done",
                "quit",
                "stop",
                "stop therapy"
            ]
        },
        {
            "keyword": "start",
            "synonyms": [
                "begin",
                "begin session",
                "i'm ready",
                "let's start",
                "ready to start",
                "start",
                "start therapy"
            ]
        }
    ]
}
