{
    "name": "therapy_step",
    "roles": [
        "therapy_step"
    ],
    "lookups": [
        "keywords"
    ],
    "keywords": [
        {
            "keyword": "affirmation",
            "synonyms": [
                "affirmation",
                "affirmations",
                "positive statements"
            ]
        },
        {
            "keyword": "breathing",
            "synonyms": [
                "breath",
                "breathing",
                "breathing exercise"
            ]
        },
        {
            "keyword": "visualization",
            "synonyms": [
                "imagine",
                "visualization",
                "visualize"
            ]
        }
    ]
}
