{
    "utterances": [
        {
            "text": "Begin",
            "entities": [
                {
                    "entity": "therapy_command:therapy_command",
                    "start": 0,
                    "end": 5,
                    "body": "Begin",
                    "entities": []
                }
            ],
            "traits": [],
            "intent": "start_session"
        },
        {
            "text": "Begin session",
            "entities": [
                {
                    "entity": "therapy_command:therapy_command",
                    "start": 0,
                    "end": 13,
                    "body": "Begin session",
                    "entities": []
                }
            ],
            "traits": [],
            "intent": "start_session"
        },
        {
            "text": "Begin therapy",
            "entities": [
                {
                    "entity": "therapy_command:therapy_command",
                    "start": 0,
                    "end": 5,
                    "body": "Begin",
                    "entities": []
                }
            ],
            "traits": [],
            "intent": "start_session"
        },
        {
            "text": "Continue",
            "entities": [
                {
                    "entity": "therapy_command:therapy_command",
                    "start": 0,
                    "end": 8,
                    "body": "Continue",
                    "entities": []
                }
            ],
            "traits": [],
            "intent": "next_step"
        },
        {
            "text": "End",
            "entities": [
                {
                    "entity": "therapy_command:therapy_command",
                    "start": 0,
                    "end": 3,
                    "body": "End",
                    "entities": []
                }
            ],
            "traits": [],
            "intent": "end_session"
        },
        {
            "text": "End session",
            "entities": [
                {
                    "entity": "therapy_command:therapy_command",
                    "start": 0,
                    "end": 11,
                    "body": "End session",
                    "entities": []
                }
            ],
            "traits": [],
            "intent": "end_session"
        },
        {
            "text": "End therapy",
            "entities": [
                {
                    "entity": "therapy_command:therapy_command",
                    "start": 0,
                    "end": 3,
                    "body": "End",
                    "entities": []
                }
            ],
            "traits": [],
            "intent": "end_session"
        },
        {
            "text": "I'm done",
            "entities": [
                {
                    "entity": "therapy_command:therapy_command",
                    "start": 0,
                    "end": 8,
                    "body": "I'm done",
                    "entities": []
                }
            ],
            "traits": [],
            "intent": "end_session"
        },
        {
            "text": "I'm ready",
            "entities": [
                {
                    "entity": "therapy_command:therapy_command",
                    "start": 0,
                    "end": 9,
                    "body": "I'm ready",
                    "entities": []
                }
            ],
            "traits": [],
            "intent": "start_session"
        },
        {
            "text": "I'm ready for the next step",
            "entities": [
                {
                    "entity": "therapy_command:therapy_command",
                    "start": 0,
                    "end": 27,
                    "body": "I'm ready for the next step",
                    "entities": []
                }
            ],
            "traits": [],
            "intent": "next_step"
        },
        {
            "text": "Next",
            "entities": [
                {
                    "entity": "therapy_command:therapy_command",
                    "start": 0,
                    "end": 4,
                    "body": "Next",
                    "entities": []
                }
            ],
            "traits": [],
            "intent": "next_step"
        },
        {
            "text": "Next step",
            "entities": [
                {
                    "entity": "therapy_command:therapy_command",
                    "start": 0,
                    "end": 9,
                    "body": "Next step",
                    "entities": []
                }
            ],
            "traits": [],
            "intent": "next_step"
        },
        {
            "text": "Start",
            "entities": [
                {
                    "entity": "therapy_command:therapy_command",
                    "start": 0,
                    "end": 5,
                    "body": "Start",
                    "entities": []
                }
            ],
            "traits": [],
            "intent": "start_session"
        },
        {
            "text": "Start session",
            "entities": [
                {
                    "entity": "therapy_command:therapy_command",
                    "start": 0,
                    "end": 5,
                    "body": "Start",
                    "entities": []
                }
            ],
            "traits": [],
            "intent": "start_session"
        },
        {
            "text": "Start therapy",
            "entities": [
                {
                    "entity": "therapy_command:therapy_command",
                    "start": 0,
                    "end": 13,
                    "body": "Start therapy",
                    "entities": []
                }
            ],
            "traits": [],
            "intent": "start_session"
        },
        {
            "text": "Stop",
            "entities": [
                {
                    "entity": "therapy_command:therapy_command",
                    "start": 0,
                    "end": 4,
                    "body": "Stop",
                    "entities": []
                }
            ],
            "traits": [],
            "intent": "end_session"
        },
        {
            "text": "begin",
            "entities": [
                {
                    "entity": "therapy_command:therapy_command",
                    "start": 0,
                    "end": 5,
                    "body": "begin",
                    "entities": []
                }
            ],
            "traits": [],
            "intent": "start_session"
        },
        {
            "text": "begin session",
            "entities": [
                {
                    "entity": "therapy_command:therapy_command",
                    "start": 0,
                    "end": 13,
                    "body": "begin session",
                    "entities": []
                }
            ],
            "traits": [],
            "intent": "start_session"
        },
        {
            "text": "begin therapy",
            "entities": [
                {
                    "entity": "therapy_command:therapy_command",
                    "start": 0,
                    "end": 5,
                    "body": "begin",
                    "entities": []
                }
            ],
            "traits": [],
            "intent": "start_session"
        },
        {
            "text": "brighter",
            "entities": [
                {
                    "entity": "intensity_direction:intensity_direction",
                    "start": 0,
                    "end": 8,
                    "body": "brighter",
                    "entities": []
                }
            ],
            "traits": [],
            "intent": "modify_light"
        },
        {
            "text": "change the light color to green",
            "entities": [
                {
                    "entity": "light_color:light_color",
                    "start": 0,
                    "end": 31,
                    "body": "change the light color to green",
                    "entities": []
                }
            ],
            "traits": [],
            "intent": "modify_light"
        },
        {
            "text": "complete session",
            "entities": [
                {
                    "entity": "therapy_command:therapy_command",
                    "start": 0,
                    "end": 16,
                    "body": "complete session",
                    "entities": []
                }
            ],
            "traits": [],
            "intent": "end_session"
        },
        {
            "text": "continue",
            "entities": [
                {
                    "entity": "therapy_command:therapy_command",
                    "start": 0,
                    "end": 8,
                    "body": "continue",
                    "entities": []
                }
            ],
            "traits": [],
            "intent": "next_step"
        },
        {
            "text": "decrease",
            "entities": [
                {
                    "entity": "intensity_direction:intensity_direction",
                    "start": 0,
                    "end": 8,
                    "body": "decrease",
                    "entities": []
                }
            ],
            "traits": [],
            "intent": "modify_light"
        },
        {
            "text": "decrease the light intensity",
            "entities": [
                {
                    "entity": "intensity_direction:intensity_direction",
                    "start": 0,
                    "end": 28,
                    "body": "decrease the light intensity",
                    "entities": []
                }
            ],
            "traits": [],
            "intent": "modify_light"
        },
        {
            "text": "dim",
            "entities": [
                {
                    "entity": "intensity_direction:intensity_direction",
                    "start": 0,
                    "end": 3,
                    "body": "dim",
                    "entities": []
                }
            ],
            "traits": [],
            "intent": "modify_light"
        },
        {
            "text": "dim the light",
            "entities": [
                {
                    "entity": "intensity_direction:intensity_direction",
                    "start": 0,
                    "end": 13,
                    "body": "dim the light",
                    "entities": []
                }
            ],
            "traits": [],
            "intent": "modify_light"
        },
        {
            "text": "dimmer",
            "entities": [
                {
                    "entity": "intensity_direction:intensity_direction",
                    "start": 0,
                    "end": 6,
                    "body": "dimmer",
                    "entities": []
                }
            ],
            "traits": [],
            "intent": "modify_light"
        },
        {
            "text": "end",
            "entities": [
                {
                    "entity": "therapy_command:therapy_command",
                    "start": 0,
                    "end": 3,
                    "body": "end",
                    "entities": []
                }
            ],
            "traits": [],
            "intent": "end_session"
        },
        {
            "text": "end session",
            "entities": [
                {
                    "entity": "therapy_command:therapy_command",
                    "start": 0,
                    "end": 11,
                    "body": "end session",
                    "entities": []
                }
            ],
            "traits": [],
            "intent": "end_session"
        },
        {
            "text": "exit",
            "entities": [
                {
                    "entity": "therapy_command:therapy_command",
                    "start": 0,
                    "end": 4,
                    "body": "exit",
                    "entities": []
                }
            ],
            "traits": [],
            "intent": "end_session"
        },
        {
            "text": "finish",
            "entities": [
                {
                    "entity": "therapy_command:therapy_command",
                    "start": 0,
                    "end": 6,
                    "body": "finish",
                    "entities": []
                }
            ],
            "traits": [],
            "intent": "end_session"
        },
        {
            "text": "go on",
            "entities": [
                {
                    "entity": "therapy_command:therapy_command",
                    "start": 0,
                    "end": 5,
                    "body": "go on",
                    "entities": []
                }
            ],
            "traits": [],
            "intent": "next_step"
        },
        {
            "text": "increase",
            "entities": [
                {
                    "entity": "intensity_direction:intensity_direction",
                    "start": 0,
                    "end": 8,
                    "body": "increase",
                    "entities": []
                }
            ],
            "traits": [],
            "intent": "modify_light"
        },
        {
            "text": "increase the brightness",
            "entities": [
                {
                    "entity": "intensity_direction:intensity_direction",
                    "start": 0,
                    "end": 23,
                    "body": "increase the brightness",
                    "entities": []
                }
            ],
            "traits": [],
            "intent": "modify_light"
        },
        {
            "text": "let's start",
            "entities": [
                {
                    "entity": "therapy_command:therapy_command",
                    "start": 0,
                    "end": 11,
                    "body": "let's start",
                    "entities": []
                }
            ],
            "traits": [],
            "intent": "start_session"
        },
        {
            "text": "make it brighter",
            "entities": [
                {
                    "entity": "intensity_direction:intensity_direction",
                    "start": 0,
                    "end": 16,
                    "body": "make it brighter",
                    "entities": []
                }
            ],
            "traits": [],
            "intent": "modify_light"
        },
        {
            "text": "make it dimmer",
            "entities": [
                {
                    "entity": "intensity_direction:intensity_direction",
                    "start": 0,
                    "end": 14,
                    "body": "make it dimmer",
                    "entities": []
                }
            ],
            "traits": [],
            "intent": "modify_light"
        },
        {
            "text": "make the light blue",
            "entities": [
                {
                    "entity": "light_color:light_color",
                    "start": 0,
                    "end": 19,
                    "body": "make the light blue",
                    "entities": []
                }
            ],
            "traits": [],
            "intent": "modify_light"
        },
        {
            "text": "move forward",
            "entities": [
                {
                    "entity": "therapy_command:therapy_command",
                    "start": 0,
                    "end": 12,
                    "body": "move forward",
                    "entities": []
                }
            ],
            "traits": [],
            "intent": "next_step"
        },
        {
            "text": "next",
            "entities": [
                {
                    "entity": "therapy_command:therapy_command",
                    "start": 0,
                    "end": 4,
                    "body": "next",
                    "entities": []
                }
            ],
            "traits": [],
            "intent": "next_step"
        },
        {
            "text": "next step",
            "entities": [
                {
                    "entity": "therapy_command:therapy_command",
                    "start": 0,
                    "end": 9,
                    "body": "next step",
                    "entities": []
                }
            ],
            "traits": [],
            "intent": "next_step"
        },
        {
            "text": "proceed",
            "entities": [
                {
                    "entity": "therapy_command:therapy_command",
                    "start": 0,
                    "end": 7,
                    "body": "proceed",
                    "entities": []
                }
            ],
            "traits": [],
            "intent": "next_step"
        },
        {
            "text": "quit",
            "entities": [
                {
                    "entity": "therapy_command:therapy_command",
                    "start": 0,
                    "end": 4,
                    "body": "quit",
                    "entities": []
                }
            ],
            "traits": [],
            "intent": "end_session"
        },
        {
            "text": "ready to start",
            "entities": [
                {
                    "entity": "therapy_command:therapy_command",
                    "start": 0,
                    "end": 14,
                    "body": "ready to start",
                    "entities": []
                }
            ],
            "traits": [],
            "intent": "start_session"
        },
        {
            "text": "set the color to warm white",
            "entities": [
                {
                    "entity": "light_color:light_color",
                    "start": 0,
                    "end": 27,
                    "body": "set the color to warm white",
                    "entities": []
                }
            ],
            "traits": [],
            "intent": "modify_light"
        },
        {
            "text": "start",
            "entities": [
                {
                    "entity": "therapy_command:therapy_command",
                    "start": 0,
                    "end": 5,
                    "body": "start",
                    "entities": []
                }
            ],
            "traits": [],
            "intent": "start_session"
        },
        {
            "text": "start therapy",
            "entities": [
                {
                    "entity": "therapy_command:therapy_command",
                    "start": 0,
                    "end": 13,
                    "body": "start therapy",
                    "entities": []
                }
            ],
            "traits": [],
            "intent": "start_session"
        },
        {
            "text": "stop therapy",
            "entities": [
                {
                    "entity": "therapy_command:therapy_command",
                    "start": 0,
                    "end": 12,
                    "body": "stop therapy",
                    "entities": []
                }
            ],
            "traits": [],
            "intent": "end_session"
        }
    ]
}
