{
    "utterances": [
        {
            "text": "I'm done",
            "entities": [],
            "traits": [],
            "intent": "end_session"
        },
        {
            "text": "I'm ready",
            "entities": [],
            "traits": [],
            "intent": "start_session"
        },
        {
            "text": "I'm ready for the next step",
            "entities": [],
            "traits": [],
            "intent": "next_step"
        },
        {
            "text": "begin",
            "entities": [],
            "traits": [],
            "intent": "start_session"
        },
        {
            "text": "begin session",
            "entities": [],
            "traits": [],
            "intent": "start_session"
        },
        {
            "text": "complete session",
            "entities": [],
            "traits": [],
            "intent": "end_session"
        },
        {
            "text": "continue",
            "entities": [],
            "traits": [],
            "intent": "next_step"
        },
        {
            "text": "end session",
            "entities": [],
            "traits": [],
            "intent": "end_session"
        },
        {
            "text": "exit",
            "entities": [],
            "traits": [],
            "intent": "end_session"
        },
        {
            "text": "finish",
            "entities": [],
            "traits": [],
            "intent": "end_session"
        },
        {
            "text": "go on",
            "entities": [],
            "traits": [],
            "intent": "next_step"
        },
        {
            "text": "let's start",
            "entities": [],
            "traits": [],
            "intent": "start_session"
        },
        {
            "text": "move forward",
            "entities": [],
            "traits": [],
            "intent": "next_step"
        },
        {
            "text": "next",
            "entities": [],
            "traits": [],
            "intent": "next_step"
        },
        {
            "text": "next step",
            "entities": [],
            "traits": [],
            "intent": "next_step"
        },
        {
            "text": "proceed",
            "entities": [],
            "traits": [],
            "intent": "next_step"
        },
        {
            "text": "quit",
            "entities": [],
            "traits": [],
            "intent": "end_session"
        },
        {
            "text": "ready to start",
            "entities": [],
            "traits": [],
            "intent": "start_session"
        },
        {
            "text": "start",
            "entities": [],
            "traits": [],
            "intent": "start_session"
        },
        {
            "text": "start therapy",
            "entities": [],
            "traits": [],
            "intent": "start_session"
        },
        {
            "text": "stop therapy",
            "entities": [],
            "traits": [],
            "intent": "end_session"
        }
    ]
}
